Sample,Acetate,Propionate,Isobutyrate,Butyrate,Isovalerate,"sum(ace,pro,buty)",sum(isobuty+isoval)
S1-1-1,44.35454753,15.03692057,0.848937559,29.10560355,0.643724579,88.49707166,1.492662138
S1-1-2,49.43475826,18.51159939,1.113761397,36.24089829,0.911147435,104.1872559,2.024908832
S1-1-3,49.40584595,16.09787234,0.967472731,32.66399113,0.782411759,98.16770941,1.74988449
S1-10-1,22.84174543,0,0.618744249,0,0.442785517,22.84174543,1.061529766
S1-10-2,23.67134892,0,0.724896523,0,0.521297747,23.67134892,1.246194269
S1-10-3,31.93181959,0,0.709020072,0,0,31.93181959,0.709020072
S1-11-1,37.24962601,0,0.793100486,0.376804152,0.567305991,37.62643016,1.360406477
S1-11-2,38.90476831,0,0.671271986,0,0.478341276,38.90476831,1.149613262
S1-11-3,31.30958242,0,0.62462486,0.387487752,0.453628798,31.69707017,1.078253658
S1-12-1,28.76078814,0,0.79723016,0.354166173,0.561534997,29.11495432,1.358765158
S1-12-2,42.3080711,0,0,0,0,42.3080711,0
S1-12-3,23.15823929,1.076133847,0.61990211,1.350318906,0.464438592,25.58469204,1.084340702
S1-13-1,0,0,0.673492049,0,0,0,0.673492049
S1-13-2,34.76496519,0,0.820065479,0,0.592538967,34.76496519,1.412604446
S1-13-3,28.77579936,0,0.844479808,0,0.621103883,28.77579936,1.465583691
S1-14-1,0,0,0,0,0,0,0
S1-14-2,22.7616981,0,0.734459441,0.453204714,0.531641191,23.21490281,1.266100632
S1-14-3,0,0,0,0,0,0,0
S1-15-1,0,0,0.723573157,0,0.506836073,0,1.230409229
S1-15-2,0,0,0.750152283,0,0.539130109,0,1.289282392
S1-16-1,95.03212359,1.017401327,0.831806518,3.598309731,0.612726143,99.64783465,1.444532661
S1-19-1,46.79458703,1.810264884,0.837144853,0.712795442,0.66557897,49.31764735,1.502723823
S1-19-2,55.12586323,0,0.85683932,0,0,55.12586323,0.85683932
S1-19-3,42.61419258,0,0.699603658,0,0.491027699,42.61419258,1.190631358
S1-2-1,107.3425037,0,0,11.47168202,0,118.8141857,0
S1-2-2,80.01418597,2.036470383,0.781251632,12.2374907,0.582505435,94.28814705,1.363757067
S1-2-3,103.4964498,2.18684361,0.797414703,12.11738101,0.585802186,117.8006744,1.383216889
S1-20-1,87.40401533,0,0.756691547,3.771298892,0.523459657,91.17531422,1.280151204
S1-20-2,80.26988468,1.660777048,0.696506933,4.119523104,0.488118693,86.05018483,1.184625626
S1-20-3,#DIV/0!,#DIV/0!,#DIV/0!,#DIV/0!,#DIV/0!,#DIV/0!,#DIV/0!
S1-21-2,0,0,0,0,0,0,0
S1-21-3,53.59855698,0,0.651877637,0,0,53.59855698,0.651877637
S1-3-1,53.49061179,6.429783018,0.844554563,3.016341082,0.684484341,62.93673589,1.529038904
S1-3-2,52.2748917,5.265399323,0.729343682,3.63533721,0.567273941,61.17562823,1.296617623
S1-3-3,0,0,0,0,0,0,0
S1-4-1,0,0,0,5.854392912,0,5.854392912,0
S1-4-3,0,0,0,7.57358044,0,7.57358044,0
S1-5-1,46.98828928,12.52581362,0.909017674,26.48014155,0.722591937,85.99424445,1.631609611
S1-5-2,48.4155951,9.937876527,1.057116665,24.69125177,0.722502196,83.0447234,1.779618861
S1-5-3,45.87707314,12.71381562,0.918444331,27.42998106,0.725405536,86.02086983,1.643849866
S1-6-1,36.75238389,0,0.709082696,1.16909444,0.533881763,37.92147833,1.242964459
S1-6-2,0,0,0,0,0,0,0
S1-6-3,32.33535915,0,0.626554116,0.885812385,0.468351966,33.22117154,1.094906082
S1-7-1,55.91016823,2.225884522,0.641627502,12.61987988,0.521410809,70.75593263,1.163038311
S1-7-2,74.48378092,2.251322353,0.757991679,15.03116142,0.602140952,91.76626469,1.360132631
S1-7-3,69.00253426,2.361530088,0.724162454,14.06558183,0.569673956,85.42964618,1.29383641
S1-8-1,44.22646152,3.843756724,0.797910463,12.90201634,0.613025292,60.97223458,1.410935755
S1-9-1,52.07489436,8.246126987,0.770240828,23.07940974,0.561324953,83.40043109,1.331565781
S1-9-2,40.87700953,8.719904274,0.74842425,20.54149146,0.562441373,70.13840526,1.310865623
S1-9-3,49.11525398,8.997465745,0.771356125,21.94515553,0.583655406,80.05787525,1.355011531
S10-1-1,48.87805543,25.00472346,0,16.50044018,0.797733549,90.38321907,0.797733549
S10-1-2,48.32963082,22.92781495,1.062650404,15.3989204,0.803272867,86.65636616,1.865923272
S10-1-3,56.35951659,24.351188,1.025151809,16.01137617,0.799014185,96.72208076,1.824165994
S10-10-1,30.89289545,0,1.049659449,0,0.711909374,30.89289545,1.761568823
S10-10-2,31.69062825,0,1.033558923,0,0.719704899,31.69062825,1.753263822
S10-10-3,49.20102612,0,1.072794467,0,0.726808087,49.20102612,1.799602554
S10-11-1,30.58488577,0,1.04169667,0,0.713411574,30.58488577,1.755108244
S10-11-2,29.59208047,0,1.020619348,0,0.700773724,29.59208047,1.721393072
S10-11-3,30.97477018,0,1.062235912,0,0.738169651,30.97477018,1.800405563
S10-12-1,31.8452889,0,1.019936835,0,0.711452445,31.8452889,1.731389279
S10-12-2,28.64533285,0,1.032049454,0,0.706484172,28.64533285,1.738533627
S10-12-3,36.04319742,0,1.042338974,0,0.735520338,36.04319742,1.777859312
S10-13-1,31.45056678,0,1.057860331,0,0.736833756,31.45056678,1.794694087
S10-13-2,31.33401359,0,1.025049998,0,0.715333216,31.33401359,1.740383214
S10-13-3,31.04118646,0,1.052855614,0,0.72275926,31.04118646,1.775614874
S10-14-1,30.56764535,0,1.020264207,0,0.703213049,30.56764535,1.723477256
S10-14-2,29.95044849,0,1.052645413,0,0.730078188,29.95044849,1.782723601
S10-14-3,30.55192642,0,0.998782595,0,0.684540054,30.55192642,1.68332265
S10-15-1,30.20302007,0,1.035590264,0,0.711819155,30.20302007,1.747409419
S10-15-2,31.1598799,0,1.070968077,0,0.734766571,31.1598799,1.805734648
S10-15-3,36.07428672,0,1.084431337,0,0.748100064,36.07428672,1.832531401
S10-16-1,52.98467212,0,1.02693308,0,0.729132613,52.98467212,1.756065694
S10-16-2,0,0,0,0,0,0,0
S10-16-3,47.09059744,0,0.928037708,0,0.659943602,47.09059744,1.58798131
S10-19-1,54.54969411,0,1.01123161,0,0.720541592,54.54969411,1.731773202
S10-19-2,55.27098332,0,1.036656904,0,0.720699229,55.27098332,1.757356132
S10-19-3,50.18580915,0,1.031571718,0,0.729231672,50.18580915,1.760803391
S10-2-1,50.97919868,1.473270989,0.986185026,4.797855019,0.723437398,57.25032469,1.709622424
S10-2-2,52.65761398,1.574089181,0.948444471,4.459453465,0.698987757,58.69115662,1.647432228
S10-2-3,53.630276,1.676753806,1.022544641,2.900508807,0.733633022,58.20753862,1.756177663
S10-20-1,60.6612067,1.52834458,1.053488668,1.176222525,0.746521916,63.3657738,1.800010584
S10-20-2,53.27889293,0,1.016025075,1.576659296,0.7108175,54.85555222,1.726842575
S10-20-3,51.86185985,1.327146236,1.061053982,1.738844286,0.740452582,54.92785037,1.801506564
S10-21-1,43.57639085,0,0.947477599,0,0.663927555,43.57639085,1.611405154
S10-21-2,44.43191334,0,0.98090932,0,0.683528898,44.43191334,1.664438218
S10-21-3,49.79853903,0,0.958737188,0,0.666630286,49.79853903,1.625367474
S10-3-1,0,0,0,0,0,0,0
S10-3-2,48.2783745,2.065069959,0.912137208,0,0.712974587,50.34344446,1.625111795
S10-3-3,48.44683555,2.14260487,0.914890568,0,0.719902877,50.58944042,1.634793445
S10-4-1,36.69966157,1.920556684,0.855031895,0.459831662,0.665580385,39.08004992,1.520612279
S10-4-2,48.64835972,2.010051724,0.986368735,0,0.757319538,50.65841145,1.743688273
S10-4-3,47.45955447,2.110742733,1.00797861,0,0.735780554,49.5702972,1.743759164
S10-5-1,57.409671,4.271619318,1.029998877,2.350914013,0.774626483,64.03220433,1.80462536
S10-5-2,51.59392198,4.276884928,0.984314328,2.274123386,0.748631188,58.14493029,1.732945517
S10-5-3,52.14695339,4.9958681,1.034358897,3.333539786,0.76722442,60.47636127,1.801583317
S10-6-1,41.3087544,1.234349082,1.014975458,0,0.728299119,42.54310348,1.743274577
S10-6-2,38.52461759,1.171594521,0.989168631,0,0.700791688,39.69621211,1.68996032
S10-6-3,41.65075501,0,1.05935187,0,0.756980677,41.65075501,1.816332547
S10-7-1,53.01558631,1.720939448,0.992135554,2.013113325,0.712826163,56.74963908,1.704961717
S10-7-2,53.22620064,1.769980419,1.01396351,2.084526385,0.735187744,57.08070744,1.749151254
S10-7-3,57.55884253,1.684299541,0.981981337,1.928783102,0.720819526,61.17192517,1.702800863
S10-8-1,55.04396015,10.45927889,0.982455465,10.62846838,0.750780203,76.13170742,1.733235669
S10-9-1,69.10802361,3.803624842,1.021669277,2.630464561,0.730947111,75.54211301,1.752616388
S10-9-2,68.58141013,4.135192421,0.991819847,2.643461213,0.72490738,75.36006376,1.716727226
S10-9-3,75.36499705,4.05174711,0.957833103,2.787792897,0.720192582,82.20453706,1.678025685
S11-1-1,18.95887367,12.1453304,1.104514582,70.00741894,0.913164972,101.111623,2.017679554
S11-1-2,19.38414051,13.61686275,1.254401132,75.27192212,1.042730457,108.2729254,2.297131589
S11-1-3,17.74355545,11.02167632,1.116487472,65.46909321,0.913201373,94.23432499,2.029688845
S11-10-1,27.13471105,0,0.956970454,0,0.646267349,27.13471105,1.603237803
S11-10-2,28.11910344,0,0.974574726,0,0.647409271,28.11910344,1.621983997
S11-10-3,33.95403163,0,0.922799713,0,0.636367915,33.95403163,1.559167628
S11-11-1,37.47157816,0,0.986789146,0,0.681383692,37.47157816,1.668172837
S11-11-2,37.89644999,0,0.999328637,0,0.671828332,37.89644999,1.671156969
S11-11-3,40.53449007,0,0.968436562,0,0.667542469,40.53449007,1.635979031
S11-12-1,31.63703959,0,1.06758654,0,0.750915498,31.63703959,1.818502038
S11-12-2,29.15503881,0,0.959373801,0.397233461,0.660623599,29.55227227,1.6199974
S11-12-3,29.9403655,0,0.768403345,0,0.548870909,29.9403655,1.317274254
S11-13-1,35.88024955,0,0.968494548,0,0.665843613,35.88024955,1.634338161
S11-13-2,33.91790152,0,1.015379037,0,0.690051316,33.91790152,1.705430352
S11-13-3,31.81614905,0,0.942601582,0,0.67480945,31.81614905,1.617411032
S11-14-1,32.77009784,0,0.975138015,0,0.675154427,32.77009784,1.650292442
S11-14-2,29.48760543,0,0.987543517,0.446644663,0.661825612,29.9342501,1.649369128
S11-14-3,33.54526381,0,0.91693624,0,0.626321568,33.54526381,1.543257808
S11-15-1,33.82731787,0,1.017744682,0.842942428,0.680274863,34.6702603,1.698019544
S11-15-2,33.29384268,0,0.981540339,0,0.675062093,33.29384268,1.656602432
S11-15-3,30.7363563,0,0.996726759,0,0.672422299,30.7363563,1.669149058
S11-16-1,127.3034646,5.383330368,0.912474604,15.63268159,0.648400459,148.3194766,1.560875063
S11-16-3,128.0588693,5.316116198,0.955749924,16.11156561,0.675781306,149.4865511,1.63153123
S11-19-1,43.39115056,36.59633013,1.021555757,6.879757698,0.811277126,86.86723839,1.832832883
S11-19-2,48.63048659,32.71355602,1.019922226,5.001945516,0.788193415,86.34598812,1.808115641
S11-19-3,47.47146362,29.41326272,0.890576435,6.189705604,0.664005749,83.07443194,1.554582184
S11-2-1,66.55303382,9.446967435,1.088551182,59.28570385,0.780537124,135.2857051,1.869088306
S11-2-2,44.6886187,7.951009616,0.948051633,67.51400066,0.684559116,120.153629,1.632610749
S11-2-3,49.88637303,6.750349037,1.047757129,58.88682942,0.749226695,115.5235515,1.796983824
S11-20-2,110.3617965,4.782612967,1.046453305,10.35202992,0.72372852,125.4964394,1.770181825
S11-20-3,104.4499547,4.850600833,0.809487085,10.2222569,0.5438931,119.5228125,1.353380185
S11-21-1,66.24240031,1.903274972,0.774332213,2.074111561,0.549845529,70.21978684,1.324177742
S11-21-2,100.2190952,3.852477732,1.054901674,1.324183119,0.737331279,105.3957561,1.792232952
S11-21-3,59.67645468,1.652855873,0.817821459,2.902057702,0.564621023,64.23136825,1.382442482
S11-3-1,41.99409589,15.21470448,0.795447511,22.34724043,0.622249646,79.55604079,1.417697156
S11-3-2,50.91492395,14.28402284,0.818349726,18.66054921,0.651806347,83.85949601,1.470156073
S11-3-3,51.10162413,13.72179328,0.877503122,21.92745832,0.678018265,86.75087573,1.555521388
S11-4-1,46.03127901,13.48811667,0.796654358,21.47691449,0.613460685,80.99631017,1.410115043
S11-4-2,44.3891287,14.06640176,0.803981635,19.92711893,0.628656283,78.38264938,1.432637918
S11-4-3,47.77521248,13.56509176,0.835528726,24.27279271,0.650037955,85.61309695,1.48556668
S11-5-1,724.3814971,51.0441155,0,335.7860335,0,1111.211646,0
S11-5-2,28.87605928,10.06499192,0.945503042,60.75707522,0.701318241,99.69812642,1.646821283
S11-5-3,28.29144029,8.73506198,1.000062709,52.98743221,0.714230231,90.01393448,1.71429294
S11-6-1,24.42895603,2.475125869,1.194379462,28.79736262,0.892677104,55.70144452,2.087056566
S11-6-2,117.0365806,6.28787069,0.820189243,20.06785709,0.617156939,143.3923084,1.437346182
S11-6-2,15.63135346,1.713726573,0.997771246,29.7179534,0.717172593,47.06303344,1.714943839
S11-6-3,21.86575304,2.112981383,0.962461064,29.1265294,0.725079893,53.10526382,1.687540957
S11-7-1,51.71953314,5.949077712,0.962382183,55.45227781,0.694141741,113.1208887,1.656523924
S11-7-2,54.85333054,5.536114267,1.029900338,60.20041384,0.737127988,120.5898586,1.767028327
S11-7-3,48.9157941,6.829405036,1.059803222,60.62159463,0.781872769,116.3667938,1.841675991
S11-8-1,30.69295783,5.798329771,0.987920627,42.28181646,0.742701852,78.77310406,1.730622479
S11-9-1,43.44229782,5.621242637,0.936916348,60.36041206,0.683167783,109.4239525,1.620084131
S11-9-2,50.08371124,5.455132131,1.098937163,60.13186349,0.779221357,115.6707069,1.87815852
S11-9-3,46.89814508,5.444304807,0.929921121,58.08228465,0.67301828,110.4247345,1.602939401
S12-1-1,14.74849689,12.30659932,1.205061275,57.38159049,1.10362635,84.4366867,2.308687624
S12-1-2,16.3861147,11.96009599,1.192271763,58.06590106,1.091037205,86.41211175,2.283308968
S12-1-3,15.63197542,11.56436053,1.194404432,57.12918374,1.08976446,84.32551968,2.284168891
S12-10-1,26.68903707,0,0.908900234,0.365750906,0.675158856,27.05478798,1.58405909
S12-10-2,29.50435172,0,1.040745052,0,0.729173375,29.50435172,1.769918427
S12-10-3,28.96297696,0,0.982547741,0.665295178,0.702376204,29.62827213,1.684923945
S12-11-1,43.23190074,0,0.976093008,0.519198262,0.707528977,43.751099,1.683621985
S12-11-2,40.01246455,0,0.992495112,0.663177389,0.696965715,40.67564194,1.689460827
S12-11-3,42.95505301,0,0.984815172,0.466093186,0.742835405,43.4211462,1.727650577
S12-12-1,28.74939036,0,1.006903151,0.825146577,0.696057958,29.57453694,1.702961109
S12-12-2,25.22179964,0,0.845134818,0.534922824,0.603017516,25.75672247,1.448152334
S12-12-3,28.5789083,0,0.958080537,0,0.67788017,28.5789083,1.635960706
S12-13-1,26.08196972,0,0.957134085,0.544080337,0.684204723,26.62605006,1.641338808
S12-13-2,30.53408614,0,1.018188785,0,0.717038552,30.53408614,1.735227337
S12-13-3,28.62372687,0,0.958705882,0.396957152,0.816886059,29.02068402,1.775591941
S12-14-1,25.83384334,0,0.921449014,0,0.645490828,25.83384334,1.566939842
S12-14-2,26.93677535,0,0.944905945,0,0.660813136,26.93677535,1.60571908
S12-14-3,26.38001734,0,0.961495298,0.629121813,0.691833989,27.00913915,1.653329287
S12-15-1,30.77318848,0,1.0236823,0,0.709710941,30.77318848,1.733393241
S12-15-2,30.40540588,0,1.011117595,0.675866322,0.716854207,31.0812722,1.727971802
S12-15-3,30.28882685,0,1.028140039,0,0.720843606,30.28882685,1.748983646
S12-16-1,93.79359963,3.683298724,0.985712184,7.652911522,0.724819004,105.1298099,1.710531187
S12-16-2,84.25006192,3.140683752,0.93487835,6.436834519,0.670654071,93.82758019,1.605532421
S12-16-3,91.69396031,3.105289984,0.965807436,7.593529464,0.702429167,102.3927798,1.668236603
S12-19-1,51.59422483,8.287227848,0.979257108,1.966080977,0.728795698,61.84753366,1.708052806
S12-19-2,50.23285644,8.913786629,1.00715751,3.307222128,0.723434101,62.4538652,1.730591611
S12-19-3,43.81783499,10.10697149,0.908924792,2.659963019,0.692857698,56.5847695,1.60178249
S12-2-1,#DIV/0!,#DIV/0!,#DIV/0!,#DIV/0!,#DIV/0!,#DIV/0!,#DIV/0!
S12-2-2,78.37051954,4.118390848,1.040658764,74.83050836,0.786184745,157.3194188,1.826843509
S12-2-3,76.38599798,4.306396861,1.004237683,76.94936682,0.764846199,157.6417617,1.769083882
S12-20-1,77.98663412,2.435097887,1.170881547,41.73746956,0.810987337,122.1592016,1.981868884
S12-20-2,71.54567844,1.981014686,1.030257452,37.67679581,0.720692402,111.2034889,1.750949854
S12-20-3,85.19473116,2.054272147,1.142942735,42.40286931,0.922905186,129.6518726,2.065847921
S12-21-1,54.30385221,2.177559053,0.949146792,0.87915491,0.683640367,57.36056617,1.632787158
S12-21-2,46.71379665,1.521159722,0.826442494,0.625054926,0.593425473,48.8600113,1.419867967
S12-21-3,47.98121928,2.494434554,0.905989787,0.894766953,0.656335861,51.37042078,1.562325648
S12-3-1,43.49665376,9.207869384,0.964580954,27.30778086,0.757445039,80.012304,1.722025993
S12-3-2,45.17872605,8.355736119,0.93319456,19.87620232,0.717465838,73.41066449,1.650660398
S12-3-3,33.69278908,7.197556002,0.86513306,27.31276006,0.665296648,68.20310514,1.530429708
S12-4-1,39.2283741,6.080391028,0.999831221,39.57458173,0.771797651,84.88334685,1.771628872
S12-4-2,39.77875596,6.064286618,0.994229007,46.7928125,0.76158511,92.63585508,1.755814117
S12-4-3,34.88645501,7.191027937,1.054922298,49.7672582,0.805495848,91.84474115,1.860418146
S12-5-1,23.47242345,12.41581559,1.295053015,75.64449716,1.18068723,111.5327362,2.475740245
S12-5-2,25.49188407,11.54587424,1.247231301,70.45559818,1.107746776,107.4933565,2.354978077
S12-5-3,24.81973094,11.61837064,1.328142724,75.29390944,1.209403411,111.732011,2.537546135
S12-6-1,6.753850573,1.614943796,1.041268595,39.35549048,0.764575904,47.72428485,1.805844499
S12-6-2,0,1.693552985,1.018957827,40.52529797,0.753337754,42.21885096,1.772295581
S12-6-3,5.880813782,1.473853698,0.969034918,38.478553,0.743899514,45.83322048,1.712934431
S12-7-1,32.0732859,3.012604904,1.020156704,69.26001183,0.774371261,104.3459026,1.794527965
S12-7-2,46.22476626,4.601027559,1.287295738,87.32864752,1.12082442,138.1544413,2.408120158
S12-7-3,36.03737382,3.443766303,1.000869741,67.18825074,0.772528406,106.6693909,1.773398147
S12-8-1,26.31581209,4.000514568,1.045760631,54.31844612,0.845892759,84.63477278,1.89165339
S12-9-1,22.74128374,9.404426384,1.288619696,71.81531951,1.193617852,103.9610296,2.482237549
S12-9-2,19.61678188,8.355428636,1.137713618,64.14476425,1.038962214,92.11697477,2.176675833
S12-9-3,23.69648557,8.297847568,1.188425662,66.35414238,1.069736164,98.34847552,2.258161826
S13-1-1,38.7643134,7.804703715,0.837549136,17.40360034,0.638998745,63.97261746,1.47654788
S13-1-2,55.15808424,61.78172469,1.028698389,25.65584232,0.778803517,142.5956512,1.807501906
S13-1-3,65.79129545,65.53524379,1.013453292,28.69122274,0.749484926,160.017762,1.762938218
S13-10-1,31.44673664,0,0.982522125,0.490901963,0.648995055,31.9376386,1.631517181
S13-10-2,27.73312953,0,0,0,0.602103641,27.73312953,0.602103641
S13-10-3,28.46861611,0,0,0,0.605572686,28.46861611,0.605572686
S13-11-1,52.35871934,0,0.924602445,0,0.63491369,52.35871934,1.559516135
S13-11-2,51.83701052,0,0.92266158,0,0.636233677,51.83701052,1.558895257
S13-11-3,87.59452637,25.59003263,0,26.30544978,0.667342399,139.4900088,0.667342399
S13-12-1,34.70482585,0.958929924,0.984359412,0.479853927,0.678505227,36.1436097,1.662864639
S13-12-2,35.40073406,0,0.899714148,0,0.625882591,35.40073406,1.525596739
S13-12-3,90.43640464,84.09672504,0.935571152,37.09880546,0.715983197,211.6319351,1.651554348
S13-13-1,41.91271482,0,0.916921565,0,0.624050267,41.91271482,1.540971832
S13-13-2,51.38336984,0,1.003123253,0,0.697435646,51.38336984,1.700558899
S13-13-3,48.11152988,0,1.004258321,0.596630605,0.657320257,48.70816049,1.661578579
S13-14-1,27.63227863,0,0.887614956,1.048864286,0.620099877,28.68114292,1.507714833
S13-14-2,28.29930196,0,0.972383023,0.851370202,0.626778794,29.15067216,1.599161818
S13-14-3,23.84399032,0,0.847583384,0,0.602690647,23.84399032,1.450274031
S13-15-1,51.04620844,0,0,0,0,51.04620844,0
S13-15-2,53.0723914,0,0.973749408,0,0.680104853,53.0723914,1.653854261
S13-15-3,55.90927403,0,0.997393523,0,0.693820723,55.90927403,1.691214246
S13-16-1,120.5376971,0,0.88187632,1.292245509,0.623545291,121.8299427,1.505421611
S13-16-2,117.4197679,0,0.900013014,1.365243092,0.634760942,118.785011,1.534773956
S13-16-3,117.4332899,1.247677355,0.996105274,1.123919931,0.651126988,119.8048872,1.647232262
S13-19-1,42.2644327,0,0.85431586,0,0.61453066,42.2644327,1.46884652
S13-19-2,43.18856985,0,0.832482466,0,0.61803921,43.18856985,1.450521676
S13-19-3,46.91414003,2.213576143,0.964257539,0.548135138,0.672618783,49.67585131,1.636876322
S13-2-1,71.62084775,19.91325198,0.871096294,43.05579087,0.689061633,134.5898906,1.560157927
S13-2-2,72.61624693,19.38497937,0.744407784,42.10881055,0.602843739,134.1100368,1.347251523
S13-2-3,74.395951,19.98363213,0.881067092,40.79546822,0.657568967,135.1750514,1.538636059
S13-20-1,90.55626495,4.096317004,1.03444368,4.878290164,0.64053517,99.53087212,1.674978849
S13-20-2,82.90817093,4.014118965,0.92803977,3.828234515,0.58832202,90.75052441,1.51636179
S13-20-3,77.17179189,5.153845926,0.945871649,4.455622361,0.620692839,86.78126018,1.566564489
S13-21-1,49.68298613,0,0.737880022,0,0.524532896,49.68298613,1.262412917
S13-21-2,63.68352388,0,0.833607124,2.293035,0.583711728,65.97655888,1.417318852
S13-21-3,47.21312,0,0,0,0,47.21312,0
S13-3-1,61.67289091,33.29632925,0.782334557,2.754257426,0.71031679,97.72347758,1.492651347
S13-3-2,60.72540713,36.06742498,0.765872928,2.437781498,0.66960479,99.2306136,1.435477717
S13-3-3,56.80639454,32.30799475,0.727499162,2.237863895,0.664209331,91.35225319,1.391708493
S13-4-1,46.12181196,32.74534431,0.777692259,6.288126516,0.680653356,85.15528278,1.458345615
S13-4-2,49.23763252,34.75795503,0.785558369,7.022315322,0.682806699,91.01790287,1.468365068
S13-4-3,52.26621584,35.74655946,0.809013125,6.914625563,0.699492106,94.92740087,1.508505232
S13-5-1,32.40048278,0,0.916299633,0,0.646917425,32.40048278,1.563217058
S13-5-2,64.29076372,74.42363021,0.935660658,42.00438247,0.719110047,180.7187764,1.654770705
S13-5-3,54.51452182,66.42629505,0.880167786,39.31868519,0.688799315,160.2595021,1.568967101
S13-6-1,38.08140205,42.13063041,0.871107238,11.11988718,0.665163177,91.33191964,1.536270415
S13-6-2,40.21176056,42.83992833,0.859121056,12.97793693,0.637369443,96.02962582,1.496490499
S13-6-3,38.53993481,40.30507614,0.846899274,12.98675077,0.635883648,91.83176172,1.482782922
S13-7-1,55.85202074,14.20147438,0.94929949,39.30137812,0.679010911,109.3548732,1.628310401
S13-7-2,57.28218997,14.92255993,0.937827371,44.28868115,0.681020603,116.4934311,1.618847974
S13-7-3,59.40872013,13.62241186,0.91982222,40.07864746,0.686915519,113.1097794,1.606737739
S13-8-1,53.25883302,27.57737948,0.933999461,24.70463815,0.699037488,105.5408507,1.63303695
S13-9-1,85.35021898,26.67645336,0.815225266,28.2120915,0.645635968,140.2387638,1.460861234
S13-9-2,90.63997436,25.89208527,0,26.45947616,0,142.9915358,0
S13-9-3,97.03262762,25.7900384,0.945075331,24.76548967,0.738616126,147.5881557,1.683691457
S14-1-1,38.30094284,7.726747015,0.820643109,16.38364723,0.623358209,62.41133709,1.444001318
S14-1-2,24.73180459,0,0.80324662,0,0.563364086,24.73180459,1.366610706
S14-1-3,36.94678038,7.96107831,0.822718601,17.81914073,0.629342243,62.72699942,1.452060844
S14-10-1,26.3964515,0,0.896000413,0,0.618436564,26.3964515,1.514436978
S14-10-2,24.92031701,0,0.843675338,0,0.58650616,24.92031701,1.430181498
S14-10-3,24.09761134,0,0.809085261,0,0.558263848,24.09761134,1.367349109
S14-11-1,23.84521046,0,0.803190134,0,0.561681908,23.84521046,1.364872041
S14-11-2,36.50662253,7.31018811,0.791532052,15.64871006,0.604584338,59.4655207,1.39611639
S14-11-3,24.68179329,0,0.813228887,0,0.562418877,24.68179329,1.375647764
S14-12-1,24.92175449,0,0.794725362,0,0.550005874,24.92175449,1.344731236
S14-12-2,21.45449496,0,0.693875521,0,0.48684023,21.45449496,1.180715751
S14-12-3,26.28763027,0,0.827444298,0,0.573281107,26.28763027,1.400725405
S14-13-1,24.44527397,0,0.788572935,0,0.553848553,24.44527397,1.342421489
S14-13-2,24.89271359,0,0.831838457,0,0.600285752,24.89271359,1.432124208
S14-13-3,22.15436525,0,0.772488585,0,0.532109265,22.15436525,1.30459785
S14-14-1,22.57496927,0,0.790429752,0,0.542313563,22.57496927,1.332743315
S14-14-2,23.00486519,0,0.772891593,0,0.546538483,23.00486519,1.319430076
S14-14-3,22.33136244,0,0.767345893,0,0.539551412,22.33136244,1.306897305
S14-15-1,25.06683231,0,0.835323523,0,0.586579151,25.06683231,1.421902675
S14-15-2,24.102386,0,0.821458112,0,0.572951473,24.102386,1.394409586
S14-15-3,23.44665116,0,0.764577871,0,0.54284578,23.44665116,1.307423651
S14-16-1,28.25132837,2.23108251,0.798117165,25.08860792,0.573727123,55.5710188,1.371844288
S14-16-2,26.8237206,9.080880298,0.661431736,14.00476654,0.555465424,49.90936744,1.21689716
S14-16-3,32.9185169,1.702565635,0.820091365,4.39474351,0.587498258,39.01582605,1.407589623
S14-19-1,30.45695167,2.875631198,0.779621719,0,0.574227795,33.33258287,1.353849514
S14-19-2,31.37444426,2.701572522,0.816262786,0,0.59237155,34.07601678,1.408634336
S14-19-3,30.31136837,3.181234417,0.889651539,0,0.671039243,33.49260279,1.560690782
S14-2-1,56.16482979,4.13108123,0.778264146,19.89719314,0.588507176,80.19310416,1.366771322
S14-2-2,59.35439904,4.530671598,0.793672725,20.91424361,0.598088275,84.79931425,1.391761
S14-2-3,53.28363374,4.346189931,0.752220932,17.01008381,0.551976846,74.63990748,1.304197777
S14-20-1,71.03617766,4.569172378,0.902694042,13.84860772,0.637920138,89.45395776,1.54061418
S14-20-2,68.14483172,2.347203783,0.881013921,11.35374105,0.62048248,81.84577655,1.501496401
S14-20-3,65.88398708,2.245722511,0.850786539,11.59722399,0.592549836,79.72693358,1.443336374
S14-21-1,28.84386701,1.936797425,0.829790213,1.729563636,0.589919152,32.51022807,1.419709365
S14-21-2,30.0048825,2.787233281,0.868548687,2.227132337,0.619434815,35.01924812,1.487983502
S14-21-3,26.16853156,2.468836975,0.741204499,0.428955349,0.528774258,29.06632388,1.269978756
S14-3-1,25.31092551,9.194302565,0.680051303,15.22895058,0.574194276,49.73417865,1.254245579
S14-3-2,24.05742355,7.879046394,0.565110706,12.17398488,0.491881441,44.11045482,1.056992148
S14-3-3,23.37752042,8.959385434,0.733594737,18.19202151,0.615840565,50.52892737,1.349435302
S14-4-1,30.80196946,9.261664307,0.719618353,18.34924016,0.598942428,58.41287392,1.318560781
S14-4-2,29.45980648,10.13760014,0.700033967,19.90816437,0.585308297,59.505571,1.285342264
S14-4-3,31.08833648,9.810931484,0.708720576,17.59311384,0.594546833,58.49238181,1.30326741
S14-5-1,40.98918281,7.694171362,0.795590249,17.38584065,0.623500349,66.06919483,1.419090598
S14-5-2,43.14892051,6.835410155,0.818097553,17.96278377,0.638221178,67.94711443,1.456318731
S14-5-3,40.49142954,7.110979814,0.817092396,19.24116695,0.627996262,66.84357631,1.445088657
S14-6-1,10.82233382,2.385783368,0.812989601,29.11862667,0.618649443,42.32674385,1.431639044
S14-6-2,9.421373691,2.123410559,0.807118335,21.6953929,0.601127366,33.24017715,1.408245701
S14-6-3,8.586043333,2.239023634,0.818226219,24.18252453,0.610433894,35.0075915,1.428660113
S14-7-1,61.66472706,3.424220201,0.793294126,#REF!,0.599668119,#REF!,1.392962245
S14-7-2,62.67201859,3.138576567,0.799013913,38.33115508,0.616238309,104.1417502,1.415252222
S14-7-3,65.18054842,3.134556354,0.780501521,36.78946788,0.604870674,105.1045726,1.385372195
S14-8-1,40.95153725,5.032637235,0.738900952,9.491888474,0.558756327,55.47606296,1.297657279
S14-9-1,37.43471438,4.704886338,0.805606362,10.05160868,0.640101963,52.19120939,1.445708325
S14-9-2,37.79038601,4.787252813,0.835536808,10.05995927,0.664579486,52.63759808,1.500116295
S14-9-3,38.18821347,4.818052133,0.813742727,9.991619991,0.654681758,52.99788559,1.468424485
S15-1-1,39.72385018,67.99428975,1.098248653,40.83135226,0.659576492,148.5494922,1.757825145
S15-1-2,29.51389165,61.59977848,0.816951026,43.87990479,0.632441573,134.9935749,1.449392599
S15-1-3,30.03451041,62.57571211,1.001348184,40.14914047,0.633479086,132.759363,1.634827269
S15-10-1,25.99441195,0,0.832772938,0,0.567438152,25.99441195,1.40021109
S15-10-2,25.26513287,0,0.820874168,0,0.572584867,25.26513287,1.393459035
S15-10-3,25.27391361,0,0.780429137,0.975313931,0.553180985,26.24922754,1.333610122
S15-11-1,26.65736257,0,0.772358937,0.617004372,0.553846482,27.27436694,1.32620542
S15-11-2,32.36486363,0,0.82022247,0.811283377,0.590405958,33.17614701,1.410628428
S15-11-3,35.56642775,0,0.779052287,0.810970002,0.53941444,36.37739775,1.318466727
S15-12-1,27.31643986,0,0.824813634,0,0.578625091,27.31643986,1.403438725
S15-12-2,26.48266302,0,0.817575401,0,0.566539526,26.48266302,1.384114927
S15-12-3,28.83970383,0,0.831030739,0,0.581032574,28.83970383,1.412063313
S15-13-1,25.6496881,0,0.785985237,0,0.55619792,25.6496881,1.342183156
S15-13-2,28.18253933,0,0.773517434,0,0.547138321,28.18253933,1.320655755
S15-13-3,26.10024163,0,0.785501331,0,0.550217237,26.10024163,1.335718568
S15-14-1,22.92533423,0,0.789931416,0,0.551611722,22.92533423,1.341543137
S15-14-2,23.5837658,0,0.807815412,0,0.558171433,23.5837658,1.365986844
S15-14-3,21.59721993,0,0.7146461,0,0.51006886,21.59721993,1.22471496
S15-15-1,30.92989194,0,0,0,0,30.92989194,0
S15-15-2,24.94546956,0,0.772237917,0,0.546749443,24.94546956,1.31898736
S15-15-3,34.14109362,0,0.837800768,0,0.588482261,34.14109362,1.426283028
S15-16-1,107.61932,1.41391482,0.777647516,3.850779624,0.560774505,112.8840145,1.338422021
S15-16-2,102.9759575,1.516366603,0.768619145,3.060331095,0.548933022,107.5526552,1.317552167
S15-16-3,109.1525481,1.815031937,0.777846517,5.112609062,0.557850766,116.0801891,1.335697283
S15-19-1,38.48475349,2.947904041,0.757607247,2.991390393,0.552990569,44.42404792,1.310597816
S15-19-2,34.51099028,2.710543135,0.771693943,1.857141668,0.555271865,39.07867509,1.326965808
S15-19-3,35.9275006,3.183843417,0.801239567,3.454040517,0.585366955,42.56538454,1.386606522
S15-2-1,46.91292716,16.57121694,0.808388442,56.32613604,0.592818001,119.8102801,1.401206442
S15-2-2,52.74155911,19.84916423,0.77466059,55.62883121,0.570293796,128.2195545,1.344954386
S15-2-3,54.39078847,18.01137808,0.762015604,52.79452102,0.561949445,125.1966876,1.323965049
S15-20-1,74.03787313,3.940717548,0.869518832,14.70117052,0.601166119,92.6797612,1.470684951
S15-20-2,78.14387188,3.769240296,0.85958933,16.43027196,0.601755862,98.34338413,1.461345192
S15-20-3,66.79105833,3.874650773,0.810106547,16.20362121,0.564104974,86.86933032,1.374211521
S15-21-1,53.28130354,0,0.718354058,0.688808541,0.515386361,53.97011208,1.233740419
S15-21-2,73.29068797,1.210885739,0.699026235,0.434545207,0.503876956,74.93611891,1.202903191
S15-21-3,51.57681658,0,0.75794959,0.654523682,0.523533663,52.23134026,1.281483252
S15-3-1,32.31095443,44.35590266,0.738287639,33.96310618,0.584898438,110.6299633,1.323186078
S15-3-2,37.02242316,46.23541422,0.720562677,35.89568898,0.579234779,119.1535264,1.299797457
S15-3-3,24.2346793,44.87266036,0.716008643,43.30332333,0.58432994,112.410663,1.300338583
S15-4-1,27.66757881,40.85035407,0.733172829,36.12308562,0.566511764,104.6410185,1.299684592
S15-4-2,28.89221297,46.50740231,0.799269459,43.58272333,0.619837179,118.9823386,1.419106638
S15-4-3,29.30991815,48.74866778,0.760484759,46.45985449,0.595629035,124.5184404,1.356113795
S15-5-1,41.22979569,62.90562,0.813232109,50.48801299,0.640689766,154.6234287,1.453921875
S15-5-2,41.0859819,62.62389114,0.838084092,49.38120001,0.666890737,153.0910731,1.504974828
S15-5-3,42.90934848,60.5167886,0.782528785,47.64150502,0.611554601,151.0676421,1.394083386
S15-6-1,29.82301725,32.98868987,0.775892515,7.821686096,0.590603884,70.63339321,1.366496399
S15-6-2,28.00292071,34.56515252,0.769147983,11.34400708,0.585168757,73.91208031,1.35431674
S15-6-3,31.23403393,28.63416825,0.748899518,6.488688472,0.579158555,66.35689065,1.328058073
S15-7-1,27.93737075,9.809887826,0.736978576,59.42852667,0.540120665,97.17578524,1.27709924
S15-7-2,30.9824045,10.57528313,0.796214025,61.08442045,0.590234352,102.6421081,1.386448377
S15-7-3,29.24656873,9.701747906,0.802480007,63.1173351,0.58717929,102.0656517,1.389659297
S15-8-1,26.24074643,45.40420189,0.793750798,49.83980279,0.628819045,121.4847511,1.422569843
S15-9-1,43.86265572,30.68438261,0.729644695,50.08426987,0.539946203,124.6313082,1.269590899
S15-9-2,36.41523045,29.56032137,0.714652919,49.79895558,0.527820728,115.7745074,1.242473648
S15-9-3,41.89924739,30.08031465,0,49.29404777,0,121.2736098,0
S16-1-1,0,19.07077552,0.840125702,61.71259438,0.659186403,80.78336989,1.499312106
S16-1-2,0,19.14110864,0.836930921,61.018446,0.653433408,80.15955464,1.490364329
S16-1-3,0,22.04119922,0,66.91682701,0,88.95802623,0
S16-10-1,31.33092244,0,0.76597848,0,0.517893063,31.33092244,1.283871543
S16-10-2,36.42952124,0,0.825015375,0,0.563399147,36.42952124,1.388414522
S16-10-3,27.80187064,0,0.803254389,0,0.551358545,27.80187064,1.354612934
S16-11-1,52.71549263,0,0.771748009,0,0.536096447,52.71549263,1.307844456
S16-11-2,50.27514148,0,0,0,0.527018101,50.27514148,0.527018101
S16-11-3,56.94432658,0,0.794902962,0,0.538733005,56.94432658,1.333635968
S16-12-1,30.32065231,0,0,0,0.534583338,30.32065231,0.534583338
S16-12-2,36.69563763,0,0.766193875,0,0.536875576,36.69563763,1.303069451
S16-12-3,40.59898348,0,0.764175847,0,0.538020421,40.59898348,1.302196268
S16-13-1,42.65506626,0,0,0,0,42.65506626,0
S16-13-2,41.80949055,0,0,0,0.541793235,41.80949055,0.541793235
S16-13-3,40.13461143,0,0,0,0,40.13461143,0
S16-14-1,25.64744294,0,0.741116297,0,0.51344287,25.64744294,1.254559167
S16-14-2,21.94959731,0,0.784123533,0,0.533429326,21.94959731,1.317552859
S16-14-3,24.2211434,0,0.769486759,0.700160042,0.52192726,24.92130344,1.291414019
S16-15-1,34.78060119,0,0.801398519,0,0.547526166,34.78060119,1.348924684
S16-15-2,44.4807494,0,0,0,0,44.4807494,0
S16-15-3,42.78243274,0,0.798216872,0,0.55025132,42.78243274,1.348468192
S16-16-1,101.6724201,0,0.749531009,1.888144392,0.533575273,103.5605644,1.283106282
S16-16-2,95.31390043,0,0.780616098,2.844683541,0.532232727,98.15858397,1.312848825
S16-16-3,85.75861905,0,0,1.680542221,0.524133053,87.43916127,0.524133053
S16-19-1,28.39789336,0,0.742143257,4.211826384,0.527247141,32.60971975,1.269390398
S16-19-2,41.05886074,1.340241514,0.828511275,8.242395767,0.586936614,50.64149802,1.415447889
S16-19-3,37.50159186,0,0.798415584,4.327667263,0.557611121,41.82925912,1.356026704
S16-2-1,90.85847187,2.618040885,0.773040543,66.40935342,0.552784825,159.8858662,1.325825368
S16-2-2,90.56015874,2.629083343,0.741665375,60.46170666,0.539202482,153.6509488,1.280867858
S16-2-3,79.7165849,0,0,65.93582654,0,145.6524114,0
S16-20-1,#DIV/0!,#DIV/0!,#DIV/0!,#DIV/0!,#DIV/0!,#DIV/0!,#DIV/0!
S16-20-2,74.59533939,2.578279737,0.848011984,21.26712276,0.592301933,98.44074188,1.440313917
S16-20-3,70.57696967,0,0,17.90258324,0,88.47955291,0
S16-21-2,63.04239785,0,0.708515498,0.888587391,0.485371563,63.93098524,1.193887062
S16-21-3,37.79325349,0,0,1.226743664,0,39.01999715,0
S16-3-1,34.92797115,2.977609929,0,56.52493749,0,94.43051857,0
S16-3-2,46.11497421,2.774481065,0.768609337,36.2300452,0.558487207,85.11950047,1.327096544
S16-3-3,57.68702558,2.314504054,0.76360639,27.8950517,0.55290154,87.89658134,1.31650793
S16-4-1,48.89399816,2.153068065,0.787495389,21.20007208,0.578927155,72.24713831,1.366422544
S16-4-3,50.28259969,1.804687174,0.771823959,18.0835406,0.560439179,70.17082746,1.332263138
S16-5-1,19.48529325,21.4031087,0.79574401,58.71829312,0.604104453,99.60669507,1.399848463
S16-5-2,18.62022696,20.88103788,0.769565938,58.62045381,0.596867747,98.12171866,1.366433685
S16-5-3,26.12073607,22.23086241,0.806051204,60.52864242,0.61770632,108.8802409,1.423757525
S16-6-1,12.57784199,14.25173101,0.776079898,31.47271101,0.565748101,58.30228401,1.341827999
S16-6-2,0,7.723796164,0.813818062,31.90003607,0.590165419,39.62383223,1.403983481
S16-6-3,#DIV/0!,#DIV/0!,#DIV/0!,#DIV/0!,#DIV/0!,#DIV/0!,#DIV/0!
S16-7-1,31.33321328,2.955150797,0.778620477,63.42322072,0.572850427,97.7115848,1.351470903
S16-7-2,30.11318364,2.853241121,0.776363037,56.74847536,0.567369758,89.71490013,1.343732795
S16-7-3,33.19093723,3.206225096,0.80736251,62.04621796,0.589556122,98.44338028,1.396918632
S16-9-1,28.77106018,15.7420477,0.833707695,66.49254592,0.633687002,111.0056538,1.467394697
S16-9-2,25.95025479,14.41749891,0.806114085,55.86300711,0.603434098,96.23076081,1.409548183
S16-9-3,29.72540183,14.85114966,0.788500855,58.95726744,0.604510271,103.5338189,1.393011126
S2-1-1,51.56817737,53.87613547,1.195189932,25.84470083,0.711521454,131.2890137,1.906711386
S2-1-2,46.34292437,41.51281139,1.321763402,17.80780406,0.464152527,105.6635398,1.785915929
S2-1-3,50.92033806,51.29723429,1.225494244,24.21706818,0.682240462,126.4346405,1.907734705
S2-10-1,36.50498346,0,0.922591049,0,0.625642171,36.50498346,1.54823322
S2-10-2,33.6723223,0,0.810528477,0,0.561151283,33.6723223,1.371679761
S2-10-3,21.5775833,0,0.669853861,0,0.47192095,21.5775833,1.141774811
S2-11-1,25.48075777,0,0.661871848,0.689555038,0.46922112,26.17031281,1.131092968
S2-11-2,26.37980708,0,0.709841489,0,0.513013743,26.37980708,1.222855232
S2-11-3,24.46126247,0,0.660684344,0.354275733,0.483975599,24.8155382,1.144659943
S2-12-1,22.99119719,0,0.607315124,0.427467241,0.419960366,23.41866443,1.02727549
S2-12-2,33.06161647,0,0.743416888,0.66212262,0.531614227,33.72373909,1.275031115
S2-12-3,24.71285079,0,0.650775786,0,0.464129614,24.71285079,1.1149054
S2-13-1,25.09255662,0,0.686824279,0.361901473,0.494464141,25.45445809,1.181288421
S2-13-2,20.63605709,0,0.65639581,0,0.492210901,20.63605709,1.148606711
S2-13-3,22.0792261,0,0.642061337,0,0.445334819,22.0792261,1.087396156
S2-14-1,25.37053596,0,0.66909045,0,0.488907205,25.37053596,1.157997655
S2-14-3,33.59047515,0,0.884831086,0,0.702035462,33.59047515,1.586866548
S2-15-1,26.06571658,0,0.696016834,0,0.485320054,26.06571658,1.181336888
S2-15-2,27.31655189,0,0.847609113,0,0.60037856,27.31655189,1.447987673
S2-15-3,27.25410847,0.82055527,0.725795691,0.612703271,0.539250545,28.68736701,1.265046235
S2-16-1,27.73792265,0,0.638839243,0.488726201,0.456186308,28.22664885,1.095025551
S2-16-2,30.52813141,0,0.702727602,0.597513437,0.503972725,31.12564484,1.206700328
S2-16-3,30.21136054,0,0.71089964,0.504903068,0.509893214,30.7162636,1.220792853
S2-19-1,28.60857634,0,0.675473002,0,0.482549203,28.60857634,1.158022206
S2-19-2,33.21398949,0,0.772517218,0,0.568336503,33.21398949,1.340853721
S2-19-3,35.64556347,0,0.851791917,0.40438392,0.613838156,36.04994739,1.465630073
S2-2-1,91.80549037,44.15839441,0.970166769,22.75928725,0.583393465,158.723172,1.553560234
S2-2-2,81.85691387,39.76029226,1.101595317,19.83960385,0.507131292,141.45681,1.608726608
S2-2-3,103.6033497,62.40342293,1.181179931,23.4290627,0.59784922,189.4358353,1.77902915
S2-20-1,43.12540832,5.675454003,0.726034405,2.398651455,0.445596635,51.19951378,1.17163104
S2-20-2,39.83254813,8.605043729,0.69996017,2.499553888,0.459528345,50.93714574,1.159488516
S2-20-3,50.56564499,9.802549835,0.877416774,3.478296062,0.624011995,63.84649089,1.501428769
S2-21-1,31.10046703,0.978266463,0.750544733,0.376661213,0.554325675,32.45539471,1.304870408
S2-21-2,31.40036722,0,0.717220188,0.555324678,0.523695231,31.9556919,1.240915419
S2-21-3,14.64201593,1.196416661,0.377359254,0.417045457,0.279246966,16.25547805,0.656606219
S2-3-1,41.0722559,7.404144134,0,0,0.610946617,48.47640003,0.610946617
S2-3-2,27.61315226,5.172231558,0.503931462,0.360438146,0.42069351,33.14582196,0.924624972
S2-3-3,27.08058214,4.746545075,0.526457917,0,0.411679093,31.82712721,0.93813701
S2-4-1,37.86514173,9.272877006,0.686159811,2.511861557,0.539329134,49.64988029,1.225488945
S2-4-2,33.85404249,8.131488087,0.616820643,2.045991986,0.482641776,44.03152256,1.099462419
S2-4-3,44.02317361,9.415353008,0.574442592,2.167276824,0.464650177,55.60580344,1.039092769
S2-5-1,59.98773927,55.85709165,0.975237435,21.11991721,0.610423219,136.9647481,1.585660653
S2-5-2,44.31469599,51.15724406,0.977087235,31.09290149,0.572453308,126.5648415,1.549540543
S2-5-3,56.69488404,58.19439342,1.240790754,31.62169411,0.66172679,146.5109716,1.902517545
S2-6-1,29.64568723,10.94280922,0.712561698,0.610416671,0.54262024,41.19891312,1.255181938
S2-6-2,25.78811114,8.679505145,0.705113339,0.608929539,0.480448753,35.07654583,1.185562092
S2-6-3,27.5509793,10.71462998,0.644132672,0.397195563,0.464911506,38.66280484,1.109044178
S2-7-1,64.24216102,51.12570536,1.251312372,42.33137408,0.765586239,157.6992405,2.016898611
S2-7-2,56.45878963,43.61446917,0.944994798,31.98779506,0.638386462,132.0610539,1.58338126
S2-7-3,40.87657071,35.56352815,0.632359505,29.809022,0.49298864,106.2491209,1.125348145
S2-8-1,45.49924173,34.68300006,1.128680536,23.23335783,0.636264254,103.4155996,1.76494479
S2-9-1,75.7385935,36.01994665,0.689483972,13.02311447,0.58761209,124.7816546,1.277096061
S2-9-2,67.51504149,34.66954882,0.977210587,13.12330389,0.468113243,115.3078942,1.445323831
S2-9-3,66.00859953,33.52650498,0,11.0560847,0.448687356,110.5911892,0.448687356
S3-1-2,50.08959762,45.03325198,0,12.94959123,0.621357318,108.0724408,0.621357318
S3-10-1,0,0,0,0,0,0,0
S3-10-3,22.51870376,0,0.694356441,0,0.477970081,22.51870376,1.172326523
S3-11-1,21.38069562,0,0.712963556,0,0.49532401,21.38069562,1.208287566
S3-11-2,18.45070757,0,0,0,0.374504162,18.45070757,0.374504162
S3-13-1,22.64580936,0,0.664378792,0,0.470866142,22.64580936,1.135244935
S3-13-2,0,0,0,0,0,0,0
S3-14-1,0,0,0,0,0,0,0
S3-14-3,0,0,0,0,0,0,0
S3-15-1,47.1439752,0,0.717113096,0,0.503817971,47.1439752,1.220931068
S3-16-2,39.95778623,4.868821635,0.680676969,0.45728453,0.491505499,45.28389239,1.172182468
S3-16-3,46.03788398,3.376366945,0,0,0,49.41425092,0
S3-2-2,46.45740278,27.72518603,0,4.139684183,0.316969701,78.32227299,0.316969701
S3-3-3,43.36243287,50.06308262,0,1.04648045,0.43341531,94.47199594,0.43341531
S3-5-1,39.30241048,47.0190065,0,15.31288858,0,101.6343056,0
S3-6-3,0,21.67315421,0,0,0,21.67315421,0
S3-8-1,50.14510047,34.90943679,0.715605341,10.59733377,0.59894114,95.65187104,1.314546481
S3-9-1,77.04058113,63.67377047,1.161977088,9.020657006,0.52193892,149.7350086,1.683916009
S4-1-1,27.23174352,33.79396144,0.758244089,26.3135339,0.584197864,87.33923887,1.342441953
S4-1-2,26.80336639,39.33663484,0.955761966,31.48892464,0.656082309,97.62892586,1.611844275
S4-10-1,0,0,0.690776276,0,0.502168566,0,1.192944842
S4-10-2,0,0,0.768565998,0,0.538222532,0,1.30678853
S4-10-3,0,0,0.808619524,0,0.552992673,0,1.361612197
S4-11-1,26.26870519,0,0.574100304,0,0.399582345,26.26870519,0.973682649
S4-11-2,0,0,0.701229424,0,0.49587191,0,1.197101334
S4-11-3,39.44620133,0,0.777497301,0,0.55166108,39.44620133,1.329158381
S4-12-1,0,0,0.786817213,0,0.516091254,0,1.302908467
S4-12-2,0,0,0.695451492,0,0.486509175,0,1.181960667
S4-12-3,0,0,0.823915993,0,0.552704227,0,1.37662022
S4-13-1,0,0,0,0,0.54020384,0,0.54020384
S4-13-3,0,0,0.767615916,0,0.527886678,0,1.295502594
S4-14-2,0,0,0.623055697,0,0.429352174,0,1.052407871
S4-14-3,0,0,0.621203776,0,0.429603363,0,1.050807139
S4-15-1,0,0,0.709303186,0,0.485881453,0,1.195184639
S4-15-3,0,0,0,0,0,0,0
S4-16-1,79.48679109,4.540402157,0.606445275,1.488678004,0.440709444,85.51587125,1.047154719
S4-19-2,0,6.377999528,0.712076637,0,0.519040801,6.377999528,1.231117438
S4-2-1,74.11548519,30.0132197,0.847392533,32.12143858,0.527758325,136.2501435,1.375150858
S4-2-2,46.79701812,30.97575103,0.757944465,36.03088,0.537032469,113.8036492,1.294976934
S4-2-3,43.14560386,26.51846905,0.618228748,34.17979835,0.476260618,103.8438713,1.094489366
S4-20-1,91.03245827,14.90341967,0.754922582,4.276432692,0.532364315,110.2123106,1.287286897
S4-20-2,150.4562231,17.62430858,2.494507645,5.649961544,0.493658599,173.7304933,2.988166244
S4-20-3,98.00044731,17.69701895,0.748667119,4.588122693,0.556090169,120.285589,1.304757288
S4-21-1,48.25748542,2.355076711,0.687795343,1.701196636,0.49466243,52.31375876,1.182457774
S4-21-2,60.73981853,2.675152368,0.753721536,1.652564472,0.525992083,65.06753537,1.279713619
S4-21-3,49.00045127,2.245235022,0.663941204,1.438713449,0.465206102,52.68439974,1.129147307
S4-3-1,45.28053617,37.81956657,0.66475819,13.88453942,0.49775033,96.98464215,1.162508519
S4-3-2,40.41236026,34.12701738,0.631354728,7.51181646,0.481744888,82.0511941,1.113099616
S4-3-3,41.26089908,36.63427449,0.623181607,11.19332336,0.477416357,89.08849693,1.100597964
S4-4-2,47.2330481,35.27598549,0.782551443,24.66797155,0.580627828,107.1770051,1.363179271
S4-5-1,0,41.72951749,0.850116669,38.14215839,0.627686686,79.87167588,1.477803355
S4-5-2,27.82470485,33.55405592,0.75861654,31.74085293,0.577575886,93.1196137,1.336192427
S4-5-3,31.22545876,38.78412025,0.958089803,35.65111547,0.612174992,105.6606945,1.570264795
S4-6-1,0,18.08442107,0.63405404,1.191600909,0.509615821,19.27602198,1.143669861
S4-6-2,0,20.38318387,0.68560604,0,0.526255912,20.38318387,1.211861952
S4-6-3,0,21.04954413,0.719730423,0,0.545848387,21.04954413,1.26557881
S4-7-1,36.91341351,26.3938072,0.658828035,31.73214309,0.508700423,95.0393638,1.167528458
S4-7-3,46.28497651,29.05906995,0.762575792,38.01550725,0.595663895,113.3595537,1.358239687
S4-8-1,0,25.48114251,0.741666328,24.39908671,0.608832032,49.88022922,1.350498359
S4-9-2,47.63116363,28.98114519,0.770501847,30.95578024,0.601931774,107.5680891,1.372433621
S4-9-3,48.52195272,28.07875144,0.785865682,32.25269928,0.625922601,108.8534034,1.411788282
S5-1-1,69.92598863,11.89936803,0.799463656,11.02364141,0.590306233,92.84899808,1.389769889
S5-1-2,94.2894376,12.39610429,1.085513594,10.86197487,0.631337148,117.5475168,1.716850743
S5-1-3,74.40671512,13.55250519,0,13.41019145,0,101.3694118,0
S5-10-1,0,0,0,0,0,0,0
S5-10-2,0,0,0,0,0,0,0
S5-11-1,81.60410068,0,0,0,0,81.60410068,0
S5-11-2,55.52206846,0,0,0,0,55.52206846,0
S5-11-3,73.62992407,0,0.788970253,0,0.566326303,73.62992407,1.355296556
S5-12-1,81.79119838,0,0.784699098,0,0.559092273,81.79119838,1.343791371
S5-12-3,54.13962796,0,0.844940521,0,0,54.13962796,0.844940521
S5-13-1,83.40189988,0,0,0,0,83.40189988,0
S5-13-2,0,0,0,0,0,0,0
S5-14-1,0,0,0,0,0,0,0
S5-14-2,0,0,0,0,0,0,0
S5-15-1,0,0,0,0,0,0,0
S5-15-2,57.31510604,0,1.145893038,0,0.579267611,57.31510604,1.725160648
S5-15-3,0,0,0,0,0,0,0
S5-16-1,108.0257354,0,0,0,0.589101527,108.0257354,0.589101527
S5-16-2,103.5755804,3.621727728,0,1.514999116,0,108.7123073,0
S5-16-3,73.80777922,3.138092321,0,1.226855109,0.562066692,78.17272665,0.562066692
S5-19-1,70.19311156,3.59954412,0,0,0,73.79265568,0
S5-19-3,57.99238615,3.395306639,0,0,0,61.38769279,0
S5-2-1,162.3736508,5.454926911,0,7.180129007,0,175.0087067,0
S5-2-2,179.0811276,5.250021927,0,7.457853077,0,191.7890026,0
S5-20-1,136.6745313,4.341817533,0,1.9864293,0,143.0027782,0
S5-20-2,144.6619757,4.387934096,0,2.916002332,0,151.9659121,0
S5-21-2,55.8475366,0,0,0,0,55.8475366,0
S5-3-1,106.1745609,7.603662331,0,0,0,113.7782233,0
S5-3-2,88.00669782,8.494061509,0,0,0,96.50075933,0
S5-3-3,124.3637952,9.090344011,0,0,0,133.4541392,0
S5-4-1,97.86419452,8.570334435,0,0,0,106.434529,0
S5-4-2,115.594982,9.18788095,0,0,0,124.782863,0
S5-4-3,89.58485153,9.190850953,0,0,0.570346024,98.77570248,0.570346024
S5-5-1,0,4.959942318,0,16.64544866,0.498426554,21.60539098,0.498426554
S5-5-2,69.82364967,7.626136451,0,19.85421514,0,97.30400126,0
S5-5-3,54.57051986,6.495837085,0,21.6477834,0,82.71414034,0
S5-6-1,90.53889906,0,0,0,0,90.53889906,0
S5-6-3,0,0,0,0,0,0,0
S5-7-1,115.4965408,5.586326978,0,7.788030462,0,128.8708982,0
S5-7-3,114.8754479,5.678670672,0,8.317329293,0,128.8714478,0
S5-8-1,0,0,0,8.477891763,0,8.477891763,0
S5-9-1,92.92429969,5.23894326,0,5.006019979,0,103.1692629,0
S5-9-2,119.677022,5.209479036,0,5.37085715,0,130.2573582,0
S5-9-3,0,0,0,6.188227572,0,6.188227572,0
S6-1-1,0,8.610395866,0,26.96131417,0,35.57171004,0
S6-1-2,0,6.396171017,0.810856038,19.99577453,0.87251496,26.39194555,1.683370998
S6-1-3,31.97876951,7.49981161,0.902292152,21.35921077,0.859329718,60.8377919,1.761621871
S6-10-1,0,0,0.797386282,0,0.578908474,0,1.376294756
S6-10-2,0,0,0.721831503,0,0.524185095,0,1.246016598
S6-10-3,31.17363034,0,1.164133742,0,0.771594125,31.17363034,1.935727867
S6-11-1,0,0,0,0,0,0,0
S6-11-2,0,0,0,0,0,0,0
S6-11-3,0,0,0,0,0,0,0
S6-12-1,0,0,0,0,0,0,0
S6-12-2,0,0,0,0,0,0,0
S6-12-3,0,0,0,0,0,0,0
S6-13-1,0,0,0,0,0,0,0
S6-13-2,0,0,0,0,0,0,0
S6-13-3,0,0,0.805750797,0,0.588784372,0,1.394535168
S6-14-1,0,0,0.840970301,0,0.575472873,0,1.416443174
S6-14-2,0,0,0,0,0,0,0
S6-14-3,0,0,0.748473966,0,0.546177285,0,1.294651252
S6-15-1,0,0,0,0,0,0,0
S6-15-2,0,0,0,0,0,0,0
S6-15-3,0,0,0,0,0,0,0
S6-16-1,0,0,0,9.149524938,0,9.149524938,0
S6-16-2,88.53776011,2.023257657,1.205045594,13.79144358,0.827424217,104.3524613,2.032469811
S6-16-3,133.0956431,0,0.802660065,10.62064228,0.576110465,143.7162854,1.37877053
S6-19-1,0,0,0,0,0,0,0
S6-19-2,0,3.159934338,0.803040234,1.770187066,0.60188111,4.930121404,1.404921345
S6-19-3,0,0,0,0,0,0,0
S6-2-1,0,0,0,27.67388069,0,27.67388069,0
S6-2-2,98.59942131,2.297544845,0.858517507,26.12596607,0.672556154,127.0229322,1.531073661
S6-2-3,73.18341768,2.270255703,1.012229765,41.67192356,0.695328131,117.1255969,1.707557896
S6-20-1,0,0,0,13.54278353,0,13.54278353,0
S6-20-2,79.26346184,2.199730227,0.839314651,14.84796381,0.589627037,96.31115587,1.428941688
S6-20-3,0,0,0,15.63404621,0,15.63404621,0
S6-21-1,0,0,0,8.434437333,0,8.434437333,0
S6-21-2,65.33649086,1.716341702,1.169774204,9.100826514,0.783566336,76.15365908,1.953340539
S6-21-3,50.25723392,0,0.655919755,3.91594189,0.515476543,54.17317581,1.171396298
S6-3-1,40.96126184,9.004626544,0.688071862,2.952760868,0.592061326,52.91864926,1.280133187
S6-3-2,52.12316855,8.587709644,0,5.519255027,0.591616516,66.23013322,0.591616516
S6-3-3,0,0,0,0,0,0,0
S6-4-1,0,5.184117121,0,7.990382821,0,13.17449994,0
S6-4-2,0,6.008307736,0,7.953674912,0,13.96198265,0
S6-4-3,0,6.472525522,0,9.66635705,0,16.13888257,0
S6-5-1,0,4.750979529,0.860111432,28.12150249,0.695422293,32.87248202,1.555533725
S6-5-2,0,0,0,34.26248446,0,34.26248446,0
S6-5-3,33.01806131,7.539901351,1.252427709,57.80099691,0.951458832,98.35895957,2.203886541
S6-6-1,34.98982932,0,0.773820895,10.07765535,0.585702376,45.06748467,1.359523271
S6-6-2,46.03473079,2.348862085,1.169273896,19.82350723,0.838691284,68.20710011,2.00796518
S6-6-3,51.54661538,0,0.787766983,5.405537144,0.598725147,56.95215253,1.38649213
S6-7-1,64.04779428,2.746274633,1.23421278,32.30981915,0.911564106,99.10388807,2.145776886
S6-7-2,61.7126855,2.859122378,1.151964041,34.37065873,0.854517331,98.94246662,2.006481372
S6-7-3,61.88476545,2.666385462,1.179025444,31.41208435,0.874460072,95.96323526,2.053485515
S6-8-1,44.4054144,4.714680514,1.231580887,36.11110727,0.962101568,85.23120218,2.193682456
S6-9-1,0,0,0,7.392201386,0,7.392201386,0
S6-9-2,72.24050451,7.015581722,1.206197847,25.33923653,0.891590433,104.5953228,2.097788279
S6-9-3,0,0,0,14.19448292,0,14.19448292,0
S7-1-1,58.2614904,17.24911096,1.97521662,17.35530196,2.08677224,92.86590332,4.06198886
S7-1-2,54.47578716,16.48589563,1.958475399,17.61503411,2.04822233,88.5767169,4.006697729
S7-1-3,58.48593658,17.52718574,1.962432799,17.72028068,2.048588091,93.733403,4.01102089
S7-10--3,32.01685537,0,1.171020449,0,0.79278154,32.01685537,1.963801989
S7-10-1,29.25214248,0,1.103417386,0,0.731192189,29.25214248,1.834609575
S7-10-2,31.17324846,0,1.11760848,0,0.761561729,31.17324846,1.879170209
S7-11-1,31.1474323,0,1.045339725,0,0.737974551,31.1474323,1.783314276
S7-11-2,30.43600884,0,1.028711018,0,0.735226942,30.43600884,1.763937961
S7-11-3,33.60552883,0,1.206855845,0,0.802557364,33.60552883,2.009413209
S7-12-1,32.20614377,0,1.100987448,0,0.746947617,32.20614377,1.847935065
S7-12-2,30.98922571,0,1.016915717,0,0.73481253,30.98922571,1.751728248
S7-12-3,33.99884121,0,1.052203554,0,0.817176714,33.99884121,1.869380268
S7-13-1,33.1707905,0,1.181374506,0,0.838062078,33.1707905,2.019436583
S7-13-2,32.48619273,0,1.10349689,0,0.766140998,32.48619273,1.869637888
S7-13-3,32.46809382,0,1.193799666,0,0.793439792,32.46809382,1.987239459
S7-14-1,29.63394939,0,1.062966527,0,0.711690182,29.63394939,1.774656709
S7-14-2,27.29545238,0,0.988677957,0,0.668368909,27.29545238,1.657046866
S7-14-3,30.49816982,0,1.118371941,0,0.754505806,30.49816982,1.872877747
S7-15-1,31.16907797,0,1.17802464,0,0.803819897,31.16907797,1.981844537
S7-15-2,33.54131657,0,1.204584225,0,0.890092406,33.54131657,2.094676631
S7-15-3,29.84889141,0,1.051260389,0,0.753194821,29.84889141,1.80445521
S7-16-1,52.47793825,3.06711282,1.173357038,11.52826051,0.837105809,67.07331158,2.010462847
S7-16-2,77.60098315,3.532294488,1.147701148,14.5438131,0.958736099,95.67709074,2.106437247
S7-16-3,48.93640715,2.816202911,1.028044993,12.35643443,0.742913026,64.10904449,1.770958019
S7-19-1,43.0768797,4.94690794,1.173175581,0,0.826442411,48.02378764,1.999617993
S7-19-2,43.17445781,5.113934014,1.136906172,0.43327225,0.802846919,48.72166408,1.939753091
S7-19-3,45.63746445,5.464928965,1.157463017,0,0.837114751,51.10239341,1.994577768
S7-2-1,77.78002602,6.280600732,1.230475507,22.8856471,1.132287067,106.9462739,2.362762574
S7-2-2,62.67480768,4.828927284,1.047135673,25.44521818,0.945342383,92.94895315,1.992478055
S7-2-3,70.20796183,5.166763321,1.083637206,26.43519371,0.973117977,101.8099189,2.056755183
S7-20-1,166.7552942,0,5.270429349,1.152230031,3.758396217,167.9075242,9.028825566
S7-20-2,76.16879151,3.868388918,1.096099642,7.994940178,0.823127669,88.03212061,1.919227311
S7-20-3,74.58786436,4.008812927,1.07743229,5.683571889,0.79975486,84.28024917,1.87718715
S7-21-1,53.37595463,2.771971282,1.092121281,2.166732972,0.800467376,58.31465888,1.892588657
S7-21-2,54.61984954,2.604914259,1.24048843,6.551484982,0.854254333,63.77624878,2.094742762
S7-21-3,39.41963767,1.815501665,1.002592073,10.7452656,0.736749894,51.98040493,1.739341967
S7-3-1,52.02919639,14.5181382,0.965505464,1.005430646,0.803199482,67.55276524,1.768704946
S7-3-2,49.48906599,14.65129149,0.941476862,1.475177204,0.795097523,65.61553469,1.736574385
S7-3-3,44.5757209,12.70617504,0.866425765,0.898008269,0.704048374,58.17990421,1.57047414
S7-4-1,80.90525594,12.1847714,1.155989849,5.395506648,0.886191059,98.48553398,2.042180908
S7-4-2,76.03323326,10.43415614,1.152780955,5.665852365,0.868610018,92.13324176,2.021390973
S7-4-3,70.49661478,10.42325929,1.035994913,3.66348182,0.788871852,84.58335589,1.824866764
S7-5-1,60.90236495,14.7641676,1.873003472,23.40329064,2.0724876,99.06982319,3.945491072
S7-5-2,59.95540785,11.08012499,1.542693675,21.34320128,1.743823894,92.37873412,3.286517569
S7-5-3,55.42170533,13.44023535,1.681163724,24.25866929,1.877802427,93.12060998,3.558966151
S7-6-1,39.90729605,3.845477755,1.232496684,1.457606265,0.913707177,45.21038007,2.146203861
S7-6-2,42.57825857,3.393917577,1.177001238,1.460912505,0.897904112,47.43308865,2.07490535
S7-6-3,40.24591072,5.558747139,1.084371587,1.243039147,0.84496012,47.047697,1.929331707
S7-7-1,69.54600865,4.882148555,1.175701451,22.43948178,0.974011911,96.86763898,2.149713362
S7-7-2,71.69635123,4.906176577,1.202738228,26.12004677,0.995826592,102.7225746,2.19856482
S7-7-3,62.04342779,4.792600609,1.010618848,21.18050446,0.889767366,88.01653286,1.900386213
S7-8-1,57.54818604,6.761711817,1.402561925,13.02271861,1.457820623,77.33261647,2.860382548
S7-9--3,67.85200977,9.571322287,1.376991085,18.74751167,1.624522559,96.17084372,3.001513644
S7-9-1,59.52141779,8.577146771,1.200640033,15.3218081,1.472214336,83.42037265,2.672854369
S7-9-2,63.93998168,9.151577019,1.415514283,18.18556867,1.633686643,91.27712737,3.049200926
S8-1-1,56.4633119,80.7716217,1.174455658,30.53556019,0.964311592,167.7704938,2.13876725
S8-1-2,54.19365744,80.48469752,1.210010042,29.76354818,0.977874512,164.4419031,2.187884554
S8-1-3,58.9250578,83.36743268,1.197656429,30.94329231,0.977475955,173.2357828,2.175132385
S8-10-1,31.69521563,0,1.130263996,0,0.766977449,31.69521563,1.897241445
S8-10-2,28.5598235,0,1.029490736,0,0.712783201,28.5598235,1.742273936
S8-10-3,29.42685968,0,1.096825242,0,0.739097928,29.42685968,1.83592317
S8-11-1,56.43846061,0,1.059866994,0,0.741752727,56.43846061,1.801619722
S8-11-2,59.46992305,0,1.160894997,0,0.782363738,59.46992305,1.943258735
S8-11-3,47.99439764,0,1.116792679,0,0.76573829,47.99439764,1.882530969
S8-12-1,31.45220435,0,1.051921774,0,0.733236667,31.45220435,1.785158441
S8-12-2,29.61195867,0,1.016800382,0.643673156,0.708530741,30.25563182,1.725331123
S8-12-3,33.59382308,0,1.134352662,0,0.78204409,33.59382308,1.916396752
S8-13-1,35.49301307,0,1.05334966,0,0.725963168,35.49301307,1.779312828
S8-13-2,37.50489093,0,1.086375739,0,0.74295001,37.50489093,1.829325749
S8-13-3,36.16156155,0,1.050482069,0,0.726504884,36.16156155,1.776986953
S8-14-1,29.59513752,0,1.071959328,0,0.736518461,29.59513752,1.808477789
S8-14-2,28.64065939,0,1.075197111,0,0.757754036,28.64065939,1.832951148
S8-14-3,29.66931461,0,1.112769207,0.382799234,0.762338948,30.05211384,1.875108155
S8-15-1,42.19436196,0,1.063203751,0,0.741393499,42.19436196,1.80459725
S8-15-2,43.94065527,0,1.070139384,0,0.736124566,43.94065527,1.80626395
S8-15-3,44.30030574,0,1.103385762,0,0.747468611,44.30030574,1.850854373
S8-16-1,113.8491214,3.232694037,1.072881005,0,0.736213771,117.0818154,1.809094776
S8-16-2,115.0893926,3.258118081,1.04384032,0.656516651,0.721347766,119.0040273,1.765188086
S8-16-3,112.8241911,3.414465611,1.126070076,0.62927509,0.759785356,116.8679318,1.885855432
S8-19-1,41.56108994,4.967416789,1.106412913,0,0.770054768,46.52850673,1.876467681
S8-19-2,44.06169049,4.642483279,1.079030405,0,0.758837636,48.70417377,1.837868042
S8-19-3,42.64804307,4.219814615,1.131369663,0,0.761442099,46.86785769,1.892811763
S8-2-1,74.66925742,70.6716604,0,46.39508012,0,191.7359979,0
S8-2-2,57.3595127,70.02881476,1.154660645,42.11751975,0.884011085,169.5058472,2.03867173
S8-2-3,62.25480514,74.8093035,1.114963755,50.57581989,0.870271977,187.6399285,1.985235732
S8-20-1,94.42239612,21.62288214,1.13916324,3.481010599,0.799365879,119.5262889,1.938529119
S8-20-2,83.61790879,23.58265422,1.142659302,3.12327958,0.800449345,110.3238426,1.943108646
S8-20-3,83.76974848,22.2069611,1.192829377,3.423223389,0.818491835,109.399933,2.011321212
S8-21-1,81.5142194,1.640510012,1.150876764,0,0.799272971,83.15472942,1.950149736
S8-21-2,71.71124642,0,1.075387379,0,0.741034621,71.71124642,1.816422
S8-21-3,96.6398159,1.954290801,1.296024236,0,0.886117193,98.5941067,2.182141429
S8-3-1,50.50491798,61.54449082,1.013470848,2.000421189,0.739155294,114.04983,1.752626141
S8-3-2,54.18447858,61.39437637,1.013137792,4.02441872,0.736602879,119.6032737,1.74974067
S8-3-3,50.61256025,55.8142579,0.96318771,1.678074851,0.702348392,108.104893,1.665536102
S8-4-1,60.64935695,57.35116479,1.095758404,10.08372462,0.809729427,128.0842464,1.905487831
S8-4-2,60.18109962,56.7145251,1.058583991,9.697932841,0.78372781,126.5935576,1.8423118
S8-4-3,50.9212849,55.36696543,0,9.108498162,0,115.3967485,0
S8-5-1,52.09740833,81.984571,1.209593343,45.10924149,0.947661938,179.1912208,2.157255281
S8-5-2,53.93973691,85.29919456,1.284066696,48.09795453,0.965439147,187.336886,2.249505842
S8-5-3,53.08767588,79.51929806,1.185275455,41.40376947,0.919608349,174.0107434,2.104883803
S8-6-1,31.56633147,33.25909565,0.974670905,0,0.719605219,64.82542712,1.694276124
S8-6-2,35.35356327,35.16851312,1.007626798,0,0.752366848,70.52207639,1.759993645
S8-6-3,41.52534474,36.80950935,1.096589467,0.852748809,0.790218134,79.1876029,1.886807602
S8-7--2,75.600878,32.48593972,1.060509856,26.30285179,0.802372485,134.3896695,1.86288234
S8-7-1,78.97047629,31.69423096,1.157697815,26.04011773,0.864956713,136.704825,2.022654528
S8-7-3,68.99940341,30.87564869,0.992379987,26.08174672,0.769076998,125.9567988,1.761456985
S8-8-1,58.98157325,65.81365881,1.205492881,31.6682752,0.97385021,156.4635073,2.179343091
S8-9-1,70.65200227,73.70411385,1.150178454,48.07817692,0.889065009,192.434293,2.039243463
S8-9-2,63.03941308,72.45431039,1.160907103,53.24552957,0.902861779,188.739253,2.063768882
S8-9-3,75.029126,78.98973151,1.225811512,51.66018962,0.92539976,205.6790471,2.151211272
S9-1-1,64.1535638,64.22567151,1.371709456,25.66799354,1.577256165,154.0472289,2.948965621
S9-1-2,57.83733317,57.34203795,1.315804593,26.16247223,1.535124728,141.3418434,2.850929321
S9-1-3,54.12139734,55.21495702,1.196501616,24.4127238,1.402770807,133.7490782,2.599272423
S9-10-1,25.40292302,0,1.048401875,0,0.724971358,25.40292302,1.773373232
S9-10-2,27.09268894,0,0.999472901,0,0.707525979,27.09268894,1.70699888
S9-10-3,24.21359001,0,0.915227011,0,0.620640505,24.21359001,1.535867516
S9-11-1,33.89734969,0,1.235969756,0,0.842050522,33.89734969,2.078020278
S9-11-2,28.30039314,0,1.090845217,0,0.752948468,28.30039314,1.843793685
S9-11-3,28.41117613,0,1.071836238,0,0.752900009,28.41117613,1.824736246
S9-12-1,31.39385697,0,1.121731637,0,0.772024913,31.39385697,1.89375655
S9-12-2,29.96249155,0,1.133610986,0,0.783584987,29.96249155,1.917195973
S9-12-3,30.75961403,0,1.036567345,0.553100225,0.726318741,31.31271425,1.762886086
S9-13-1,31.2015348,0,1.080033687,0.443571524,0.73411726,31.64510633,1.814150948
S9-13-2,30.66868028,1.402614391,1.062565041,0,0.737257218,32.07129467,1.799822259
S9-13-3,28.66252402,0,1.090697841,0,0.750761226,28.66252402,1.841459067
S9-14-1,29.08870031,0,1.091000035,0,0.75843026,29.08870031,1.849430295
S9-14-2,28.51960655,0,1.10177302,0,0.761135656,28.51960655,1.862908676
S9-14-3,27.1446794,0,1.037059949,0,0.740306493,27.1446794,1.777366442
S9-15-1,30.10544129,0,1.115642916,0,0.762324796,30.10544129,1.877967712
S9-15-2,30.00657211,0,1.204951261,0,0.831694999,30.00657211,2.036646261
S9-15-3,30.52888283,0,1.109166636,0,0.763123467,30.52888283,1.872290103
S9-16-1,43.26733569,15.57390242,1.089755203,3.155996445,0.779547682,61.99723456,1.869302885
S9-16-2,40.826672,13.51780426,0.973527004,2.659638657,0.716805231,57.00411492,1.690332236
S9-16-3,42.44347075,13.24493244,1.069327963,2.742763077,0.813745566,58.43116627,1.883073529
S9-19-1,41.2164101,10.05688834,0.922368232,0,0.705455905,51.27329844,1.627824137
S9-19-2,42.67571274,11.7269813,0.963733629,0,0.74274173,54.40269405,1.706475359
S9-19-3,40.12334614,14.22611905,0.825469735,0.460912445,0.641556566,54.81037764,1.467026301
S9-2-1,88.12373844,51.53290301,0.953892135,21.29747819,0.777912317,160.9541196,1.731804451
S9-2-2,97.02073752,57.30963376,0.984520996,20.89319419,0.831455316,175.2235655,1.815976312
S9-2-3,81.97713199,47.69901663,0.982882582,31.83349333,0.775430155,161.509642,1.758312737
S9-20-1,59.52608568,50.66583372,0.959001278,12.53664672,0.709616226,122.7285661,1.668617504
S9-20-2,63.02344469,64.30300465,1.075046324,8.8218841,0.821359882,136.1483334,1.896406206
S9-20-3,62.02712862,49.70637581,0.960447018,10.30453033,0.736520848,122.0380348,1.696967866
S9-21-1,15.91837158,2.34320864,0,0.999036834,0,19.26061705,0
S9-21-2,37.44377848,6.35401487,1.063886208,4.106210814,0.772800258,47.90400416,1.836686466
S9-21-3,33.62115942,5.645968135,1.06255333,2.915575911,0.741445192,42.18270346,1.803998522
S9-3-1,60.86186564,89.31279834,0.814446511,1.462892786,0.743949662,151.6375568,1.558396173
S9-3-2,60.80970086,92.49269587,0.833414155,0.849725403,0.749980221,154.1521221,1.583394375
S9-3-3,61.11959588,95.81779004,0.896436403,1.040739169,0.810699449,157.9781251,1.707135852
S9-4-1,58.88416896,77.29662703,0.84501824,1.934298791,0.772524949,138.1150948,1.617543189
S9-4-2,66.50698844,79.35016719,0.84446018,1.641618726,0.753391993,147.4987744,1.597852173
S9-4-3,60.44751528,78.52394053,0.829650647,2.321798771,0.762169328,141.2932546,1.591819976
S9-5-1,65.04854813,61.30633968,0.95193266,20.15150767,0.85562436,146.5063955,1.80755702
S9-5-2,70.57781559,67.59735952,1.144418005,18.93191286,1.340161233,157.107088,2.484579239
S9-5-3,70.88131647,69.98509086,1.099638267,23.10455637,1.291213144,163.9709637,2.390851411
S9-6-1,29.81664908,33.75227357,0,2.18553973,0,65.75446239,0
S9-6-2,32.62395595,35.09792114,1.04113259,2.610199567,0.763929826,70.33207666,1.805062416
S9-6-3,35.41151458,36.43106104,1.052708308,2.516525082,0.780758593,74.3591007,1.833466901
S9-7-1,54.72820031,53.23448304,0.968424988,37.62670834,0.819486528,145.5893917,1.787911516
S9-7-2,60.39134613,55.72869539,1.01751899,39.09816373,0.831249343,155.2182053,1.848768333
S9-7-3,59.54278102,58.69823292,1.095972587,41.07120145,0.895465547,159.3122154,1.991438134
S9-8-1,45.28597429,43.30849461,1.462951682,30.67206683,1.420373852,119.2665357,2.883325534
S9-9-1,95.19866836,90.01386626,0.985452816,18.64549956,1.057035772,203.8580342,2.042488588
S9-9-2,92.29017194,82.80471242,0.961070293,16.74307306,0.977427518,191.8379574,1.93849781
S9-9-3,95.77947089,85.40369179,0.973537742,17.41967965,0.999332743,198.6028423,1.972870485